image_filename,mask_filename
IMD002.bmp,IMD002.bmp
IMD004.bmp,IMD004.bmp
IMD006.bmp,IMD006.bmp
IMD008.bmp,IMD008.bmp
IMD009.bmp,IMD009.bmp
IMD010.bmp,IMD010.bmp
IMD013.bmp,IMD013.bmp
IMD014.bmp,IMD014.bmp
IMD015.bmp,IMD015.bmp
IMD016.bmp,IMD016.bmp
IMD017.bmp,IMD017.bmp
IMD018.bmp,IMD018.bmp
IMD019.bmp,IMD019.bmp
IMD021.bmp,IMD021.bmp
IMD022.bmp,IMD022.bmp
IMD023.bmp,IMD023.bmp
IMD024.bmp,IMD024.bmp
IMD025.bmp,IMD025.bmp
IMD031.bmp,IMD031.bmp
IMD032.bmp,IMD032.bmp
IMD033.bmp,IMD033.bmp
IMD035.bmp,IMD035.bmp
IMD036.bmp,IMD036.bmp
IMD037.bmp,IMD037.bmp
IMD038.bmp,IMD038.bmp
IMD039.bmp,IMD039.bmp
IMD040.bmp,IMD040.bmp
IMD041.bmp,IMD041.bmp
IMD042.bmp,IMD042.bmp
IMD043.bmp,IMD043.bmp
IMD044.bmp,IMD044.bmp
IMD045.bmp,IMD045.bmp
IMD047.bmp,IMD047.bmp
IMD049.bmp,IMD049.bmp
IMD050.bmp,IMD050.bmp
IMD057.bmp,IMD057.bmp
IMD058.bmp,IMD058.bmp
IMD061.bmp,IMD061.bmp
IMD063.bmp,IMD063.bmp
IMD064.bmp,IMD064.bmp
IMD065.bmp,IMD065.bmp
IMD075.bmp,IMD075.bmp
IMD076.bmp,IMD076.bmp
IMD080.bmp,IMD080.bmp
IMD088.bmp,IMD088.bmp
IMD091.bmp,IMD091.bmp
IMD101.bmp,IMD101.bmp
IMD103.bmp,IMD103.bmp
IMD108.bmp,IMD108.bmp
IMD112.bmp,IMD112.bmp
IMD118.bmp,IMD118.bmp
IMD120.bmp,IMD120.bmp
IMD126.bmp,IMD126.bmp
IMD132.bmp,IMD132.bmp
IMD133.bmp,IMD133.bmp
IMD134.bmp,IMD134.bmp
IMD135.bmp,IMD135.bmp
IMD137.bmp,IMD137.bmp
IMD138.bmp,IMD138.bmp
IMD140.bmp,IMD140.bmp
IMD142.bmp,IMD142.bmp
IMD144.bmp,IMD144.bmp
IMD146.bmp,IMD146.bmp
IMD147.bmp,IMD147.bmp
IMD149.bmp,IMD149.bmp
IMD150.bmp,IMD150.bmp
IMD152.bmp,IMD152.bmp
IMD153.bmp,IMD153.bmp
IMD154.bmp,IMD154.bmp
IMD155.bmp,IMD155.bmp
IMD156.bmp,IMD156.bmp
IMD157.bmp,IMD157.bmp
IMD159.bmp,IMD159.bmp
IMD162.bmp,IMD162.bmp
IMD164.bmp,IMD164.bmp
IMD166.bmp,IMD166.bmp
IMD169.bmp,IMD169.bmp
IMD170.bmp,IMD170.bmp
IMD171.bmp,IMD171.bmp
IMD173.bmp,IMD173.bmp
IMD175.bmp,IMD175.bmp
IMD176.bmp,IMD176.bmp
IMD182.bmp,IMD182.bmp
IMD196.bmp,IMD196.bmp
IMD199.bmp,IMD199.bmp
IMD200.bmp,IMD200.bmp
IMD206.bmp,IMD206.bmp
IMD207.bmp,IMD207.bmp
IMD208.bmp,IMD208.bmp
IMD210.bmp,IMD210.bmp
IMD211.bmp,IMD211.bmp
IMD219.bmp,IMD219.bmp
IMD226.bmp,IMD226.bmp
IMD240.bmp,IMD240.bmp
IMD243.bmp,IMD243.bmp
IMD251.bmp,IMD251.bmp
IMD254.bmp,IMD254.bmp
IMD256.bmp,IMD256.bmp
IMD279.bmp,IMD279.bmp
IMD280.bmp,IMD280.bmp
IMD284.bmp,IMD284.bmp
IMD285.bmp,IMD285.bmp
IMD304.bmp,IMD304.bmp
IMD305.bmp,IMD305.bmp
IMD306.bmp,IMD306.bmp
IMD331.bmp,IMD331.bmp
IMD339.bmp,IMD339.bmp
IMD347.bmp,IMD347.bmp
IMD349.bmp,IMD349.bmp
IMD356.bmp,IMD356.bmp
IMD360.bmp,IMD360.bmp
IMD364.bmp,IMD364.bmp
IMD365.bmp,IMD365.bmp
IMD367.bmp,IMD367.bmp
IMD368.bmp,IMD368.bmp
IMD369.bmp,IMD369.bmp
IMD370.bmp,IMD370.bmp
IMD371.bmp,IMD371.bmp
IMD372.bmp,IMD372.bmp
IMD374.bmp,IMD374.bmp
IMD375.bmp,IMD375.bmp
IMD376.bmp,IMD376.bmp
IMD379.bmp,IMD379.bmp
IMD381.bmp,IMD381.bmp
IMD382.bmp,IMD382.bmp
IMD383.bmp,IMD383.bmp
IMD384.bmp,IMD384.bmp
IMD385.bmp,IMD385.bmp
IMD388.bmp,IMD388.bmp
IMD389.bmp,IMD389.bmp
IMD392.bmp,IMD392.bmp
IMD393.bmp,IMD393.bmp
IMD394.bmp,IMD394.bmp
IMD395.bmp,IMD395.bmp
IMD396.bmp,IMD396.bmp
IMD397.bmp,IMD397.bmp
IMD399.bmp,IMD399.bmp
IMD400.bmp,IMD400.bmp
IMD402.bmp,IMD402.bmp
IMD403.bmp,IMD403.bmp
IMD404.bmp,IMD404.bmp
IMD405.bmp,IMD405.bmp
IMD406.bmp,IMD406.bmp
IMD408.bmp,IMD408.bmp
IMD409.bmp,IMD409.bmp
IMD410.bmp,IMD410.bmp
IMD413.bmp,IMD413.bmp
IMD417.bmp,IMD417.bmp
IMD418.bmp,IMD418.bmp
IMD420.bmp,IMD420.bmp
IMD421.bmp,IMD421.bmp
IMD423.bmp,IMD423.bmp
IMD424.bmp,IMD424.bmp
IMD426.bmp,IMD426.bmp
IMD427.bmp,IMD427.bmp
IMD429.bmp,IMD429.bmp
IMD432.bmp,IMD432.bmp
IMD433.bmp,IMD433.bmp
IMD435.bmp,IMD435.bmp
IMD436.bmp,IMD436.bmp
